<?xml version="1.0" encoding="UTF-8" ?>
<configuration scan="true" scanPeriod="5 minutes">
	<property name="LOG_HOME" value="${log.home}" />
	<appender name="STDOUT" class="ch.qos.logback.core.ConsoleAppender">
		<encoder>
			<charset>UTF-8</charset>
			<pattern>\(%d{HH:mm:ss.SSS} [%thread]\) %-5level %logger{32} %L - %msg%n</pattern>
		</encoder>
	</appender>
	<appender name="daylyRollingFile"
		class="ch.qos.logback.core.rolling.RollingFileAppender">
		<file>${LOG_HOME}/stdout.log</file>
		<rollingPolicy class="ch.qos.logback.core.rolling.TimeBasedRollingPolicy">
			<FileNamePattern>${LOG_HOME}/stdout.%d{yyyy-MM-dd}.log
			</FileNamePattern>
			<MaxHistory>99999</MaxHistory>
		</rollingPolicy>
		<encoder>
			<pattern>\(%d{HH:mm:ss.SSS} [%thread]\) %-5level %logger{32} %L - %msg%n</pattern>
		</encoder>
	</appender>
	<root>
		<level value="info" />
		<appender-ref ref="STDOUT" />
		<appender-ref ref="daylyRollingFile" />
	</root>
	<!-- <logger name="org.mybatis.spring" level="TRACE" additivity="true"> 
		</logger> <logger name="org.springframework.transaction" level="DEBUG" additivity="true"> 
		</logger> <logger name="com.qinjiance.tourist.task.mapper" level="TRACE" additivity="true"> 
		</logger> <logger name="org.springframework.jdbc.datasource.DataSourceTransactionManager" 
		level="DEBUG" additivity="true"> </logger> -->
</configuration>
