<?xml version="1.0" encoding="UTF-8"?>
<!-- #%L HotelAPI SDK Demo %% Copyright (C) 2015 HOTELBEDS, S.L.U. %% This 
  program is free software: you can redistribute it and/or modify it under 
  the terms of the GNU Lesser General Public License as published by the Free 
  Software Foundation, either version 2.1 of the License, or (at your option) 
  any later version. This program is distributed in the hope that it will be 
  useful, but WITHOUT ANY WARRANTY; without even the implied warranty of MERCHANTABILITY 
  or FITNESS FOR A PARTICULAR PURPOSE. See the GNU General Lesser Public License 
  for more details. You should have received a copy of the GNU General Lesser 
  Public License along with this program. If not, see <http://www.gnu.org/licenses/lgpl-2.1.html>. 
  #L% -->

<!DOCTYPE log4j:configuration PUBLIC "-//APACHE//DTD LOG4J 1.2//EN" "log4j.dtd">
<log4j:configuration xmlns:log4j="http://jakarta.apache.org/log4j/">

  <!-- Appenders -->
  <appender name="console" class="org.apache.log4j.ConsoleAppender">
    <param name="Target" value="System.out" />
    <layout class="org.apache.log4j.PatternLayout">
      <param name="ConversionPattern"
        value="%d{yyyyMMdd HH:mm:ss} %-5p- %X{Log4UUIDFilter.UUID} - %c{1} - %m%n" /> <!-- para mostrar toda la ruta de la clase poner cambiar %C{1} por %c -->
    </layout>
  </appender>

  <logger name="com.hotelbeds.distribution.hotel_api_sdk.helpers.LoggingRequestInterceptor">
    <level value="warn" />
  </logger>

  <!-- Root Logger -->
  <root>
    <priority value="info" />
    <appender-ref ref="console" />
  </root>
</log4j:configuration>
