<?xml version="1.0" encoding="UTF-8"?>
<beans xmlns="http://www.springframework.org/schema/beans"
	xmlns:xsi="http://www.w3.org/2001/XMLSchema-instance" xmlns:p="http://www.springframework.org/schema/p"
	xmlns:tx="http://www.springframework.org/schema/tx" xmlns:context="http://www.springframework.org/schema/context"
	xmlns:util="http://www.springframework.org/schema/util"
	xsi:schemaLocation="
		http://www.springframework.org/schema/beans http://www.springframework.org/schema/beans/spring-beans-3.1.xsd
		http://www.springframework.org/schema/tx http://www.springframework.org/schema/tx/spring-tx-3.1.xsd
		http://www.springframework.org/schema/context http://www.springframework.org/schema/context/spring-context-3.1.xsd
		http://www.springframework.org/schema/util  
     	http://www.springframework.org/schema/util/spring-util-3.1.xsd">

	<context:annotation-config />
	<context:component-scan base-package="com.qinjiance.tourist.task"></context:component-scan>


	<bean id="configProperties"
		class="org.springframework.beans.factory.config.PropertiesFactoryBean">
		<property name="locations">
			<list>
				<value>classpath:/jdbc.properties</value>
				<value>classpath:/system.properties</value>
			</list>
		</property>
		<property name="fileEncoding" value="utf-8" />
	</bean>

	<bean id="propertyConfigurer"
		class="org.springframework.beans.factory.config.PropertyPlaceholderConfigurer">
		<property name="order" value="1" />
		<property name="ignoreUnresolvablePlaceholders" value="true" />
		<property name="properties" ref="configProperties" />
	</bean>

	<bean id="dataSource" class="org.apache.commons.dbcp.BasicDataSource"
		destroy-method="close">
		<property name="driverClassName" value="${entour.jdbc.driverClassName}" />
		<property name="url" value="${entour.jdbc.url}" />
		<property name="username" value="${entour.jdbc.username}" />
		<property name="password" value="${entour.jdbc.password}" />
		<property name="maxActive" value="${entour.jdbc.maxActive}" />
		<property name="maxIdle" value="${entour.jdbc.maxIdle}" />
		<property name="maxWait" value="1000" />
		<property name="defaultAutoCommit" value="true" />
		<property name="removeAbandonedTimeout" value="60" />
		<property name="logAbandoned" value="false" />
		<property name="testOnBorrow" value="true" />
		<property name="testWhileIdle" value="true" />
		<property name="validationQuery" value="select 1" />
		<property name="poolPreparedStatements" value="true" />
		<property name="timeBetweenEvictionRunsMillis" value="3000" />
		<property name="minEvictableIdleTimeMillis" value="3000" />
	</bean>

	<!-- mybatis -->
	<bean id="sqlSessionFactory" class="org.mybatis.spring.SqlSessionFactoryBean">
		<property name="dataSource" ref="dataSource" />
		<property name="typeAliasesPackage" value="com.qinjiance.tourist.task.model" />
		<property name="transactionFactory">
			<bean
				class="org.apache.ibatis.transaction.managed.ManagedTransactionFactory" />
		</property>
		<property name="configLocation" value="classpath:/mybatis-config.xml" />
	</bean>

	<bean class="org.mybatis.spring.mapper.MapperScannerConfigurer">
		<property name="basePackage" value="com.qinjiance.tourist.task.mapper" />
	</bean>

</beans>